tip	loc	loc_prob	pred_loc	Lola_prob	Beyla_prob	Nzerekore_prob	Yamou_prob	Macenta_prob	Kerouane_prob	Gueckedou_prob	Kankan_prob	Mandiana_prob	Kissidougou_prob	Siguiri_prob	Kouroussa_prob	Faranah_prob	Dabola_prob	Dinguiraye_prob	Mamou_prob	Tougue_prob	Dalaba_prob	Koubia_prob	Forecariah_prob	Kindia_prob	Labe_prob	Pita_prob	Coyah_prob	Mali_prob	Lelouma_prob	Conakry_prob	Telimele_prob	Dubreka_prob	Fria_prob	Boffa_prob	Gaoual_prob	Koundara_prob	Boke_prob	Maryland_prob	RiverGee_prob	GrandKru_prob	GrandGedeh_prob	Sinoe_prob	RiverCess_prob	Nimba_prob	GrandBassa_prob	Margibi_prob	Bong_prob	Montserrado_prob	Bomi_prob	Lofa_prob	Gbarpolu_prob	GrandCapeMount_prob	Kailahun_prob	Kenema_prob	Kono_prob	Pujehun_prob	Bo_prob	Bonthe_prob	Moyamba_prob	Koinadugu_prob	Tonkolili_prob	Bombali_prob	PortLoko_prob	WesternRural_prob	Kambia_prob	WesternUrban_prob
EBOV|EM_075930|KR817137|GIN|Beyla|2014-10-10	Beyla	0.00615069195284	Kissidougou	0.000512557662737	0.00615069195284	0.00563813429011	0.00205023065095	0.0984110712455	0.0445925166581	0.0240902101486	0.0953357252691	0.	0.231676063557	0.00461301896463	0.011788826243	0.116863147104	0.000512557662737	0.00256278831369	0.	0.000512557662737	0.000512557662737	0.	0.0112762685802	0.00256278831369	0.	0.00102511532547	0.00307534597642	0.00102511532547	0.	0.214249103024	0.00205023065095	0.00871348026653	0.00102511532547	0.00205023065095	0.	0.	0.00358790363916	0.	0.	0.	0.	0.00768836494106	0.	0.	0.0107637109175	0.0133264992312	0.000512557662737	0.0133264992312	0.0041004613019	0.0174269605331	0.000512557662737	0.00461301896463	0.00358790363916	0.00820092260379	0.00102511532547	0.00102511532547	0.	0.000512557662737	0.00205023065095	0.000512557662737	0.000512557662737	0.00205023065095	0.0041004613019	0.00205023065095	0.00256278831369	0.00307534597642
EBOV|EM_076193|KR817143|GIN|Nzerekore|2014-10-18	Nzerekore	0.00512557662737	Kambia	0.000512557662737	0.	0.00512557662737	0.000512557662737	0.0281906714505	0.0041004613019	0.0153767298821	0.00102511532547	0.	0.00615069195284	0.000512557662737	0.	0.0158892875448	0.000512557662737	0.	0.	0.	0.	0.	0.00153767298821	0.000512557662737	0.	0.00102511532547	0.00153767298821	0.000512557662737	0.	0.0317785750897	0.000512557662737	0.00102511532547	0.	0.	0.	0.	0.00102511532547	0.	0.	0.	0.	0.	0.000512557662737	0.00256278831369	0.00205023065095	0.00666324961558	0.	0.0179395181958	0.00102511532547	0.0174269605331	0.000512557662737	0.	0.0820092260379	0.0937980522809	0.00563813429011	0.00461301896463	0.00768836494106	0.	0.00717580727832	0.00256278831369	0.0153767298821	0.038954382368	0.164531009739	0.0461301896463	0.296770886725	0.0686827268068
EBOV|EM_076191|KR817141|GIN|Macenta|2014-10-18	Macenta	0.108149666838	Conakry	0.00102511532547	0.00563813429011	0.00358790363916	0.00102511532547	0.108149666838	0.0553562275756	0.0287032291133	0.0676576114813	0.	0.184520758585	0.00358790363916	0.0128139415684	0.0861096873398	0.000512557662737	0.	0.	0.	0.00256278831369	0.	0.0179395181958	0.00205023065095	0.	0.00102511532547	0.00153767298821	0.00102511532547	0.	0.261916965659	0.00307534597642	0.0133264992312	0.	0.000512557662737	0.	0.	0.00205023065095	0.000512557662737	0.	0.	0.	0.0138390568939	0.	0.000512557662737	0.0128139415684	0.0138390568939	0.000512557662737	0.0199897488467	0.00461301896463	0.0328036904152	0.	0.00666324961558	0.00153767298821	0.0184520758585	0.00102511532547	0.	0.	0.	0.00153767298821	0.000512557662737	0.	0.00153767298821	0.000512557662737	0.000512557662737	0.	0.00256278831369
EBOV|EM_000128|KR817071|GIN|Gueckedou|2014-09-04	Gueckedou	0.0158892875448	Kambia	0.	0.000512557662737	0.00461301896463	0.000512557662737	0.0374167093798	0.009738595592	0.0158892875448	0.00102511532547	0.	0.00512557662737	0.00256278831369	0.000512557662737	0.00461301896463	0.	0.	0.	0.	0.00205023065095	0.	0.00153767298821	0.00153767298821	0.	0.000512557662737	0.00102511532547	0.	0.	0.0369041517171	0.000512557662737	0.00153767298821	0.	0.	0.	0.	0.000512557662737	0.000512557662737	0.	0.	0.	0.00205023065095	0.	0.00153767298821	0.00358790363916	0.00922603792927	0.000512557662737	0.0153767298821	0.	0.0302409021015	0.	0.00102511532547	0.127114300359	0.11993849308	0.00871348026653	0.0112762685802	0.009738595592	0.00102511532547	0.0107637109175	0.00205023065095	0.0112762685802	0.0814966683752	0.121476166069	0.0594566888775	0.156330087135	0.0866222450026
EBOV|EM_074461|KR817120|GIN|Gueckedou|2014-08-04	Gueckedou	0.328036904152	Kailahun	0.	0.000512557662737	0.00512557662737	0.	0.0343413634034	0.00256278831369	0.328036904152	0.00102511532547	0.	0.0041004613019	0.00153767298821	0.000512557662737	0.00461301896463	0.	0.000512557662737	0.	0.	0.00153767298821	0.	0.00205023065095	0.00102511532547	0.	0.00153767298821	0.00153767298821	0.00153767298821	0.	0.0266529984623	0.00102511532547	0.00153767298821	0.	0.	0.	0.	0.00256278831369	0.	0.	0.000512557662737	0.	0.	0.	0.00358790363916	0.0041004613019	0.0112762685802	0.00102511532547	0.0230650948232	0.000512557662737	0.0235776524859	0.000512557662737	0.000512557662737	0.337262942081	0.0845720143516	0.00717580727832	0.00512557662737	0.00563813429011	0.	0.00256278831369	0.0041004613019	0.00461301896463	0.0148641722194	0.0199897488467	0.011788826243	0.00102511532547	0.00871348026653
EBOV|EM_079578|KR817201|GIN|Gueckedou|2014-04-18	Gueckedou	0.71348026653	Gueckedou	0.	0.00256278831369	0.00666324961558	0.00307534597642	0.099436186571	0.00922603792927	0.71348026653	0.00358790363916	0.	0.0835468990261	0.00358790363916	0.000512557662737	0.00461301896463	0.00153767298821	0.000512557662737	0.	0.000512557662737	0.000512557662737	0.	0.0041004613019	0.0041004613019	0.	0.	0.	0.00205023065095	0.	0.011788826243	0.00205023065095	0.00307534597642	0.	0.00102511532547	0.	0.	0.00102511532547	0.	0.00102511532547	0.	0.000512557662737	0.	0.000512557662737	0.	0.00256278831369	0.00102511532547	0.	0.00512557662737	0.000512557662737	0.00563813429011	0.000512557662737	0.	0.00102511532547	0.000512557662737	0.00102511532547	0.	0.	0.	0.00205023065095	0.00205023065095	0.00102511532547	0.00307534597642	0.00358790363916	0.00256278831369	0.00153767298821	0.00153767298821
EBOV|EM_079731|KR817211|GIN|Gueckedou|2014-05-18	Gueckedou	0.701178882624	Gueckedou	0.	0.00256278831369	0.00153767298821	0.000512557662737	0.11430035879	0.00358790363916	0.701178882624	0.00205023065095	0.	0.0517683239364	0.0522808815992	0.000512557662737	0.00358790363916	0.	0.	0.	0.	0.000512557662737	0.	0.	0.00205023065095	0.	0.	0.	0.	0.	0.0430548436699	0.000512557662737	0.00102511532547	0.000512557662737	0.	0.	0.	0.000512557662737	0.	0.	0.	0.000512557662737	0.	0.	0.00102511532547	0.000512557662737	0.	0.	0.00307534597642	0.	0.0041004613019	0.00205023065095	0.	0.000512557662737	0.00153767298821	0.	0.	0.	0.	0.000512557662737	0.	0.00102511532547	0.	0.00205023065095	0.00102511532547	0.	0.
EBOV|EM_079750|KR817213|GIN|Gueckedou|2014-05-21	Gueckedou	0.760635571502	Gueckedou	0.00205023065095	0.00102511532547	0.0041004613019	0.00102511532547	0.0753459764223	0.00666324961558	0.760635571502	0.00256278831369	0.	0.0907227063045	0.00153767298821	0.	0.00256278831369	0.000512557662737	0.00153767298821	0.	0.000512557662737	0.00205023065095	0.	0.00153767298821	0.00153767298821	0.	0.000512557662737	0.000512557662737	0.000512557662737	0.	0.009738595592	0.000512557662737	0.00153767298821	0.000512557662737	0.00153767298821	0.	0.	0.00102511532547	0.	0.	0.	0.	0.000512557662737	0.000512557662737	0.00153767298821	0.	0.00153767298821	0.00102511532547	0.0041004613019	0.000512557662737	0.0041004613019	0.000512557662737	0.00153767298821	0.00153767298821	0.00102511532547	0.00102511532547	0.	0.	0.000512557662737	0.000512557662737	0.00205023065095	0.00102511532547	0.00153767298821	0.00153767298821	0.	0.	0.00102511532547
EBOV|EM_079911|KR817222|GIN|Gueckedou|2014-06-09	Gueckedou	0.552024602768	Gueckedou	0.000512557662737	0.00153767298821	0.00205023065095	0.00153767298821	0.185545873911	0.00615069195284	0.552024602768	0.00307534597642	0.	0.0184520758585	0.0963608405946	0.000512557662737	0.00307534597642	0.00153767298821	0.	0.	0.	0.00102511532547	0.	0.00153767298821	0.00256278831369	0.	0.000512557662737	0.	0.00102511532547	0.	0.0932854946181	0.00102511532547	0.000512557662737	0.	0.000512557662737	0.	0.	0.00153767298821	0.	0.	0.	0.	0.	0.00102511532547	0.00153767298821	0.00256278831369	0.00153767298821	0.	0.00256278831369	0.000512557662737	0.0041004613019	0.	0.00102511532547	0.00102511532547	0.	0.00153767298821	0.	0.000512557662737	0.	0.00102511532547	0.000512557662737	0.	0.00102511532547	0.00205023065095	0.	0.000512557662737	0.00102511532547
EBOV|EM_079913|KR817224|GIN|Gueckedou|2014-06-09	Gueckedou	0.76217324449	Gueckedou	0.00205023065095	0.00153767298821	0.00102511532547	0.00153767298821	0.109687339826	0.00256278831369	0.76217324449	0.000512557662737	0.	0.0594566888775	0.0220399794977	0.	0.00358790363916	0.000512557662737	0.	0.	0.	0.	0.	0.	0.00256278831369	0.	0.	0.000512557662737	0.00153767298821	0.	0.0112762685802	0.000512557662737	0.	0.00102511532547	0.00102511532547	0.	0.	0.000512557662737	0.	0.	0.	0.	0.	0.	0.00102511532547	0.	0.00102511532547	0.	0.00102511532547	0.000512557662737	0.00256278831369	0.000512557662737	0.	0.	0.000512557662737	0.000512557662737	0.	0.	0.	0.	0.000512557662737	0.000512557662737	0.000512557662737	0.00205023065095	0.00153767298821	0.000512557662737	0.00102511532547
EBOV|531|KR534510|GIN|Kouroussa|2014-07-27	Kouroussa	0.000512557662737	Gueckedou	0.000512557662737	0.000512557662737	0.00461301896463	0.00102511532547	0.112250128139	0.00307534597642	0.7565351102	0.	0.	0.0615069195284	0.0240902101486	0.000512557662737	0.00256278831369	0.	0.000512557662737	0.	0.	0.	0.	0.000512557662737	0.00153767298821	0.	0.00102511532547	0.000512557662737	0.	0.	0.0143516145566	0.	0.00102511532547	0.	0.	0.	0.	0.000512557662737	0.	0.	0.	0.	0.	0.000512557662737	0.000512557662737	0.000512557662737	0.000512557662737	0.	0.000512557662737	0.000512557662737	0.00307534597642	0.000512557662737	0.	0.000512557662737	0.000512557662737	0.00102511532547	0.	0.000512557662737	0.	0.	0.	0.	0.00153767298821	0.000512557662737	0.000512557662737	0.000512557662737	0.000512557662737
EBOV|1279|KR534589|GIN|Coyah|2014-10-04	Coyah	0.	Moyamba	0.	0.	0.000512557662737	0.	0.	0.	0.000512557662737	0.	0.	0.	0.000512557662737	0.	0.	0.	0.	0.	0.	0.	0.	0.	0.000512557662737	0.	0.	0.	0.	0.	0.00358790363916	0.	0.	0.	0.	0.	0.	0.	0.000512557662737	0.	0.	0.	0.	0.	0.	0.00102511532547	0.	0.	0.000512557662737	0.	0.00205023065095	0.	0.	0.0199897488467	0.0502306509482	0.00102511532547	0.000512557662737	0.00256278831369	0.000512557662737	0.898001025115	0.	0.00307534597642	0.00102511532547	0.00461301896463	0.00563813429011	0.	0.00307534597642
EBOV|1327|KR534591|GIN|Coyah|2014-10-07	Coyah	0.176832393644	Kambia	0.000512557662737	0.000512557662737	0.00307534597642	0.00102511532547	0.00768836494106	0.0230650948232	0.00666324961558	0.00153767298821	0.	0.00205023065095	0.00358790363916	0.000512557662737	0.00307534597642	0.00153767298821	0.	0.	0.000512557662737	0.	0.	0.00768836494106	0.0184520758585	0.	0.00153767298821	0.176832393644	0.000512557662737	0.	0.228088159918	0.00153767298821	0.00205023065095	0.00153767298821	0.00153767298821	0.	0.	0.00153767298821	0.	0.000512557662737	0.	0.	0.000512557662737	0.000512557662737	0.000512557662737	0.00153767298821	0.	0.000512557662737	0.00666324961558	0.00102511532547	0.	0.00102511532547	0.	0.00256278831369	0.00256278831369	0.00102511532547	0.	0.	0.	0.00102511532547	0.000512557662737	0.00153767298821	0.00615069195284	0.0123013839057	0.00358790363916	0.45310097386	0.00615069195284
EBOV|1339|KR534550|GIN|Coyah|2014-10-08	Coyah	0.00512557662737	Conakry	0.00102511532547	0.0102511532547	0.0041004613019	0.00256278831369	0.113787801128	0.0563813429011	0.0379292670425	0.0768836494106	0.	0.184520758585	0.00256278831369	0.00922603792927	0.0917478216299	0.00102511532547	0.000512557662737	0.	0.00102511532547	0.00205023065095	0.	0.009738595592	0.00153767298821	0.	0.00256278831369	0.00512557662737	0.00102511532547	0.	0.218862121989	0.00256278831369	0.0128139415684	0.00153767298821	0.00102511532547	0.	0.	0.00307534597642	0.	0.00102511532547	0.	0.	0.0107637109175	0.	0.00102511532547	0.0153767298821	0.0102511532547	0.00153767298821	0.0199897488467	0.0041004613019	0.0276781137878	0.00102511532547	0.00768836494106	0.00461301896463	0.0205023065095	0.000512557662737	0.	0.00307534597642	0.00102511532547	0.00205023065095	0.00102511532547	0.00307534597642	0.00102511532547	0.00205023065095	0.00205023065095	0.00102511532547	0.00205023065095
EBOV|1149|KR534582|GIN|Conakry|2014-09-27	Conakry	0.0281906714505	Gueckedou	0.000512557662737	0.00153767298821	0.00615069195284	0.00256278831369	0.0333162480779	0.0133264992312	0.386981035366	0.00153767298821	0.	0.0112762685802	0.00512557662737	0.000512557662737	0.0138390568939	0.	0.	0.	0.	0.00153767298821	0.	0.00307534597642	0.00358790363916	0.	0.000512557662737	0.00153767298821	0.000512557662737	0.	0.0281906714505	0.	0.00102511532547	0.	0.00102511532547	0.	0.	0.00307534597642	0.	0.	0.	0.	0.	0.000512557662737	0.00153767298821	0.00358790363916	0.00563813429011	0.000512557662737	0.0333162480779	0.000512557662737	0.0148641722194	0.00102511532547	0.	0.131214761661	0.0661199384931	0.00563813429011	0.00666324961558	0.0041004613019	0.000512557662737	0.00307534597642	0.00153767298821	0.0169144028703	0.0235776524859	0.0220399794977	0.0466427473091	0.00666324961558	0.0830343413634
EBOV|653|KR534514|GIN|Conakry|2014-08-15	Conakry	0.0476678626345	Gueckedou	0.00102511532547	0.00102511532547	0.00871348026653	0.00256278831369	0.0379292670425	0.0102511532547	0.401845207586	0.00153767298821	0.	0.00512557662737	0.00461301896463	0.	0.0041004613019	0.000512557662737	0.000512557662737	0.	0.	0.00256278831369	0.	0.00307534597642	0.00307534597642	0.	0.000512557662737	0.00102511532547	0.	0.	0.0476678626345	0.000512557662737	0.00153767298821	0.	0.	0.	0.	0.00205023065095	0.	0.000512557662737	0.	0.	0.	0.000512557662737	0.00205023065095	0.00358790363916	0.0107637109175	0.00102511532547	0.0271655561251	0.00102511532547	0.031266017427	0.00102511532547	0.00153767298821	0.160430548437	0.110199897488	0.0102511532547	0.00512557662737	0.00922603792927	0.	0.0041004613019	0.00102511532547	0.00768836494106	0.009738595592	0.0184520758585	0.0205023065095	0.00256278831369	0.0184520758585
EBOV|LIBR10093|KT725363|LBR|Nimba|2014-08-17	Nimba	0.00205023065095	Kambia	0.	0.	0.00358790363916	0.	0.0143516145566	0.00102511532547	0.00461301896463	0.000512557662737	0.	0.00153767298821	0.000512557662737	0.00102511532547	0.00205023065095	0.	0.	0.	0.	0.000512557662737	0.	0.000512557662737	0.000512557662737	0.	0.	0.000512557662737	0.000512557662737	0.	0.0179395181958	0.	0.000512557662737	0.	0.000512557662737	0.	0.	0.	0.	0.	0.	0.	0.	0.	0.00205023065095	0.00307534597642	0.00820092260379	0.00102511532547	0.0297283444387	0.	0.00307534597642	0.	0.	0.00820092260379	0.0281906714505	0.00820092260379	0.00307534597642	0.009738595592	0.	0.00563813429011	0.00205023065095	0.0128139415684	0.108149666838	0.28651973347	0.0184520758585	0.382368016402	0.0287032291133
EBOV|CDC-NIH-261||LBR|Montserrado|2014-08-27	Montserrado	0.0461301896463	Kailahun	0.000512557662737	0.	0.00820092260379	0.	0.0394669400308	0.0041004613019	0.0174269605331	0.00102511532547	0.	0.00205023065095	0.00153767298821	0.00102511532547	0.	0.	0.000512557662737	0.	0.	0.00102511532547	0.	0.00153767298821	0.00256278831369	0.	0.	0.000512557662737	0.000512557662737	0.	0.058431573552	0.00102511532547	0.00153767298821	0.000512557662737	0.00102511532547	0.	0.	0.	0.000512557662737	0.	0.	0.000512557662737	0.00102511532547	0.000512557662737	0.0041004613019	0.0102511532547	0.0169144028703	0.00102511532547	0.0461301896463	0.000512557662737	0.0374167093798	0.	0.000512557662737	0.176319835982	0.152229625833	0.0128139415684	0.0123013839057	0.0143516145566	0.000512557662737	0.00871348026653	0.00307534597642	0.019477191184	0.0574064582266	0.0594566888775	0.0553562275756	0.104561763198	0.0594566888775
EBOV|LIBR10066|KT725379|LBR|Montserrado|2014-09-20	Montserrado	0.00666324961558	Kambia	0.000512557662737	0.00102511532547	0.00205023065095	0.000512557662737	0.00922603792927	0.00256278831369	0.0133264992312	0.00153767298821	0.	0.0041004613019	0.00307534597642	0.000512557662737	0.00102511532547	0.	0.	0.	0.000512557662737	0.	0.	0.00153767298821	0.000512557662737	0.	0.	0.	0.000512557662737	0.	0.0112762685802	0.	0.000512557662737	0.000512557662737	0.	0.	0.	0.	0.	0.	0.	0.	0.	0.	0.00102511532547	0.00153767298821	0.00256278831369	0.000512557662737	0.00666324961558	0.	0.00358790363916	0.	0.000512557662737	0.00153767298821	0.0164018452076	0.0041004613019	0.00153767298821	0.0148641722194	0.	0.00717580727832	0.00461301896463	0.0123013839057	0.0768836494106	0.181957970272	0.0322911327524	0.534085084572	0.041004613019
EBOV|LIBR10180|KT725391|LBR|Montserrado|2014-10-11	Montserrado	0.0404920553562	Kenema	0.000512557662737	0.000512557662737	0.0112762685802	0.000512557662737	0.041004613019	0.00307534597642	0.0261404407996	0.00205023065095	0.	0.000512557662737	0.00307534597642	0.000512557662737	0.019477191184	0.	0.	0.	0.	0.00205023065095	0.	0.	0.000512557662737	0.	0.	0.	0.	0.	0.0497180932855	0.000512557662737	0.00153767298821	0.	0.	0.	0.	0.	0.000512557662737	0.000512557662737	0.	0.	0.	0.	0.00153767298821	0.00461301896463	0.0205023065095	0.	0.0404920553562	0.000512557662737	0.0358790363916	0.00153767298821	0.	0.161455663762	0.169144028703	0.0102511532547	0.0102511532547	0.00820092260379	0.	0.0041004613019	0.00461301896463	0.0143516145566	0.10302409021	0.0415171706817	0.0363915940543	0.0871348026653	0.0804715530497
EBOV|LIBR10209|KT725371|LBR|Montserrado|2014-09-19	Montserrado	0.718093285495	Montserrado	0.000512557662737	0.00153767298821	0.0041004613019	0.00102511532547	0.00922603792927	0.00205023065095	0.00307534597642	0.	0.	0.000512557662737	0.00102511532547	0.00153767298821	0.00717580727832	0.000512557662737	0.000512557662737	0.	0.	0.	0.	0.00205023065095	0.000512557662737	0.	0.00102511532547	0.00102511532547	0.00102511532547	0.	0.0153767298821	0.	0.00102511532547	0.	0.	0.	0.	0.00153767298821	0.00102511532547	0.000512557662737	0.000512557662737	0.00256278831369	0.00205023065095	0.000512557662737	0.00922603792927	0.0169144028703	0.0609943618657	0.00871348026653	0.718093285495	0.00717580727832	0.0153767298821	0.00358790363916	0.00461301896463	0.00666324961558	0.0297283444387	0.00205023065095	0.00307534597642	0.00307534597642	0.000512557662737	0.00307534597642	0.00205023065095	0.00461301896463	0.0184520758585	0.00666324961558	0.00256278831369	0.00512557662737	0.0041004613019
EBOV|LIBR10054|KR006964|LBR|Bomi|2014-09-23	Bomi	0.00615069195284	Montserrado	0.000512557662737	0.000512557662737	0.00205023065095	0.	0.00666324961558	0.00102511532547	0.00461301896463	0.00102511532547	0.	0.000512557662737	0.00205023065095	0.000512557662737	0.00205023065095	0.	0.000512557662737	0.	0.000512557662737	0.	0.	0.00205023065095	0.00153767298821	0.	0.00153767298821	0.00102511532547	0.	0.	0.0128139415684	0.000512557662737	0.000512557662737	0.	0.	0.	0.	0.00102511532547	0.000512557662737	0.	0.	0.000512557662737	0.00256278831369	0.000512557662737	0.00717580727832	0.0123013839057	0.041004613019	0.00512557662737	0.78831368529	0.00615069195284	0.0112762685802	0.00512557662737	0.00256278831369	0.00512557662737	0.0353664787289	0.00153767298821	0.00153767298821	0.00153767298821	0.	0.00307534597642	0.000512557662737	0.00307534597642	0.0041004613019	0.00820092260379	0.00102511532547	0.00358790363916	0.00461301896463
EBOV|EM_074351|KR817110|LBR|Lofa|2014-07-22	Lofa	0.0143516145566	Kambia	0.	0.00102511532547	0.00307534597642	0.	0.0179395181958	0.00615069195284	0.0179395181958	0.000512557662737	0.	0.00153767298821	0.00256278831369	0.	0.00717580727832	0.	0.00102511532547	0.	0.	0.00102511532547	0.	0.00358790363916	0.00102511532547	0.	0.	0.00102511532547	0.	0.	0.0184520758585	0.	0.000512557662737	0.000512557662737	0.000512557662737	0.	0.	0.	0.	0.	0.000512557662737	0.	0.	0.	0.00256278831369	0.0041004613019	0.00768836494106	0.000512557662737	0.0148641722194	0.	0.0143516145566	0.	0.	0.0522808815992	0.0743208610969	0.00563813429011	0.00717580727832	0.0138390568939	0.000512557662737	0.00820092260379	0.00563813429011	0.0107637109175	0.0845720143516	0.151204510507	0.0820092260379	0.246027678114	0.127626858022
EBOV|EM_080261|KR817243|LBR|Lofa|2014-07-12	Lofa	0.00615069195284	PortLoko	0.	0.000512557662737	0.00358790363916	0.000512557662737	0.0179395181958	0.00153767298821	0.00768836494106	0.	0.	0.00461301896463	0.0041004613019	0.000512557662737	0.00717580727832	0.000512557662737	0.	0.	0.000512557662737	0.00102511532547	0.	0.	0.00307534597642	0.	0.000512557662737	0.	0.	0.	0.0271655561251	0.	0.00102511532547	0.	0.	0.	0.	0.000512557662737	0.000512557662737	0.	0.	0.000512557662737	0.	0.	0.000512557662737	0.00153767298821	0.00563813429011	0.000512557662737	0.0230650948232	0.	0.00615069195284	0.	0.00102511532547	0.0179395181958	0.038954382368	0.00512557662737	0.00153767298821	0.00717580727832	0.	0.00768836494106	0.00307534597642	0.0179395181958	0.104049205536	0.266529984623	0.0492055356228	0.261916965659	0.0968733982573
EBOV|EM120|KM233043|SLE|Kailahun|2014-06-03	Kailahun	0.0210148641722	Kambia	0.	0.	0.00205023065095	0.	0.0261404407996	0.00307534597642	0.00512557662737	0.00102511532547	0.	0.00102511532547	0.00205023065095	0.000512557662737	0.00563813429011	0.	0.	0.	0.	0.	0.	0.00205023065095	0.00205023065095	0.	0.	0.	0.	0.	0.0189646335213	0.	0.000512557662737	0.000512557662737	0.	0.	0.	0.000512557662737	0.	0.	0.	0.000512557662737	0.	0.	0.000512557662737	0.000512557662737	0.00358790363916	0.000512557662737	0.00615069195284	0.	0.00666324961558	0.	0.	0.0210148641722	0.0522808815992	0.00307534597642	0.00102511532547	0.00922603792927	0.00205023065095	0.00666324961558	0.00461301896463	0.0112762685802	0.079958995387	0.23218862122	0.0445925166581	0.377242439774	0.0650948231676
EBOV|G3724|KM233053|SLE|Kailahun|2014-06-05	Kailahun	0.00717580727832	Kambia	0.	0.00102511532547	0.00256278831369	0.	0.00615069195284	0.00153767298821	0.00615069195284	0.	0.	0.00153767298821	0.00102511532547	0.	0.0153767298821	0.	0.	0.	0.	0.000512557662737	0.	0.000512557662737	0.00153767298821	0.	0.000512557662737	0.00153767298821	0.	0.	0.011788826243	0.000512557662737	0.00153767298821	0.	0.	0.	0.	0.	0.	0.	0.	0.000512557662737	0.	0.	0.000512557662737	0.00307534597642	0.00256278831369	0.	0.00922603792927	0.000512557662737	0.00717580727832	0.	0.	0.00717580727832	0.0225525371604	0.00153767298821	0.	0.00358790363916	0.	0.00358790363916	0.00461301896463	0.00768836494106	0.0661199384931	0.202460276781	0.0189646335213	0.524859046643	0.0594566888775
EBOV|G3769|KM233065|SLE|Kailahun|2014-06-12	Kailahun	0.611993849308	Kailahun	0.	0.000512557662737	0.00307534597642	0.	0.009738595592	0.00358790363916	0.152742183496	0.00102511532547	0.	0.00205023065095	0.000512557662737	0.	0.000512557662737	0.	0.000512557662737	0.	0.	0.000512557662737	0.	0.000512557662737	0.00102511532547	0.	0.000512557662737	0.000512557662737	0.	0.	0.0153767298821	0.000512557662737	0.	0.	0.000512557662737	0.	0.	0.	0.	0.	0.	0.	0.	0.000512557662737	0.	0.00205023065095	0.00102511532547	0.	0.0107637109175	0.	0.0138390568939	0.	0.	0.611993849308	0.0712455151205	0.00153767298821	0.	0.00717580727832	0.	0.00153767298821	0.00205023065095	0.00768836494106	0.00666324961558	0.00768836494106	0.0225525371604	0.00205023065095	0.0358790363916
EBOV|G3805|KM233082|SLE|Kailahun|2014-06-15	Kailahun	0.0568939005638	Kambia	0.000512557662737	0.00102511532547	0.00256278831369	0.000512557662737	0.0256278831369	0.00256278831369	0.0138390568939	0.	0.	0.00153767298821	0.00153767298821	0.00102511532547	0.00666324961558	0.	0.000512557662737	0.	0.000512557662737	0.00256278831369	0.	0.00102511532547	0.00205023065095	0.	0.	0.00102511532547	0.	0.	0.0579190158893	0.	0.000512557662737	0.	0.00102511532547	0.	0.	0.000512557662737	0.	0.	0.	0.	0.000512557662737	0.	0.00153767298821	0.00512557662737	0.0138390568939	0.00102511532547	0.0538185545874	0.00153767298821	0.0353664787289	0.00153767298821	0.	0.0568939005638	0.14044079959	0.0112762685802	0.00820092260379	0.00666324961558	0.	0.00461301896463	0.00256278831369	0.0184520758585	0.0517683239364	0.0984110712455	0.0640697078421	0.207585853409	0.089697590979
EBOV|20140489|KR653235|SLE|Kenema|2014-09-04	Kenema	0.0476678626345	Kambia	0.	0.00102511532547	0.00307534597642	0.00102511532547	0.0251153254741	0.0041004613019	0.152742183496	0.00102511532547	0.	0.00717580727832	0.00666324961558	0.00102511532547	0.0184520758585	0.000512557662737	0.00102511532547	0.	0.	0.00102511532547	0.	0.00205023065095	0.00307534597642	0.	0.00153767298821	0.00153767298821	0.00153767298821	0.	0.0225525371604	0.	0.	0.00153767298821	0.000512557662737	0.	0.	0.00205023065095	0.000512557662737	0.	0.	0.000512557662737	0.	0.	0.00307534597642	0.00205023065095	0.00871348026653	0.000512557662737	0.019477191184	0.000512557662737	0.0107637109175	0.000512557662737	0.000512557662737	0.101998974885	0.0476678626345	0.00563813429011	0.00205023065095	0.00307534597642	0.00102511532547	0.00512557662737	0.00461301896463	0.00922603792927	0.0902101486417	0.160943106099	0.0199897488467	0.201435161456	0.0394669400308
EBOV|20143466|KR653304|SLE|Kenema|2014-11-01	Kenema	0.0220399794977	Kambia	0.	0.	0.000512557662737	0.000512557662737	0.00358790363916	0.00153767298821	0.00307534597642	0.000512557662737	0.	0.00102511532547	0.	0.	0.000512557662737	0.	0.	0.	0.	0.	0.	0.00102511532547	0.00153767298821	0.	0.000512557662737	0.	0.000512557662737	0.	0.00666324961558	0.	0.000512557662737	0.	0.000512557662737	0.	0.	0.	0.000512557662737	0.	0.	0.000512557662737	0.	0.	0.	0.	0.00153767298821	0.00102511532547	0.00307534597642	0.00205023065095	0.00307534597642	0.000512557662737	0.000512557662737	0.0102511532547	0.0220399794977	0.0041004613019	0.00102511532547	0.00922603792927	0.000512557662737	0.00717580727832	0.00102511532547	0.0158892875448	0.079958995387	0.204510507432	0.0199897488467	0.558687852383	0.0302409021015
EBOV|G3886.1|KR105204|SLE|Kenema|2014-06-19	Kenema	0.0184520758585	Kambia	0.	0.00102511532547	0.00307534597642	0.000512557662737	0.0225525371604	0.0041004613019	0.0456176319836	0.00102511532547	0.	0.00307534597642	0.00256278831369	0.00153767298821	0.00717580727832	0.000512557662737	0.000512557662737	0.	0.000512557662737	0.000512557662737	0.	0.00256278831369	0.00205023065095	0.	0.	0.	0.	0.	0.0148641722194	0.	0.	0.	0.000512557662737	0.	0.	0.00102511532547	0.	0.000512557662737	0.	0.	0.000512557662737	0.	0.00153767298821	0.00358790363916	0.00820092260379	0.00102511532547	0.0123013839057	0.00102511532547	0.00666324961558	0.000512557662737	0.000512557662737	0.0533059969247	0.0184520758585	0.00256278831369	0.00563813429011	0.00512557662737	0.00153767298821	0.00768836494106	0.00307534597642	0.0164018452076	0.0809841107125	0.271655561251	0.0210148641722	0.325474115838	0.0353664787289
EBOV|G4323.2|KR105232|SLE|Kenema|2014-07-14	Kenema	0.115838031779	Kailahun	0.00102511532547	0.00102511532547	0.00922603792927	0.00153767298821	0.0179395181958	0.00461301896463	0.202460276781	0.00102511532547	0.	0.00717580727832	0.00205023065095	0.	0.00153767298821	0.000512557662737	0.000512557662737	0.	0.	0.000512557662737	0.	0.00205023065095	0.000512557662737	0.	0.00102511532547	0.00102511532547	0.000512557662737	0.	0.041004613019	0.	0.	0.	0.000512557662737	0.	0.	0.000512557662737	0.	0.	0.000512557662737	0.000512557662737	0.	0.	0.00205023065095	0.00205023065095	0.00512557662737	0.	0.0179395181958	0.	0.0246027678114	0.00102511532547	0.	0.385955920041	0.115838031779	0.00768836494106	0.009738595592	0.00358790363916	0.000512557662737	0.00205023065095	0.00102511532547	0.00871348026653	0.0476678626345	0.0307534597642	0.0128139415684	0.0041004613019	0.0174269605331
EBOV|G5691.1|KR105318|SLE|Kenema|2014-09-14	Kenema	0.547924141466	Kenema	0.000512557662737	0.000512557662737	0.00102511532547	0.000512557662737	0.00307534597642	0.000512557662737	0.00307534597642	0.00102511532547	0.	0.00102511532547	0.000512557662737	0.	0.00102511532547	0.	0.	0.	0.	0.000512557662737	0.	0.000512557662737	0.000512557662737	0.	0.	0.	0.	0.	0.00307534597642	0.000512557662737	0.00102511532547	0.	0.	0.	0.	0.	0.	0.	0.	0.000512557662737	0.000512557662737	0.	0.00102511532547	0.00205023065095	0.00102511532547	0.00102511532547	0.00461301896463	0.000512557662737	0.00153767298821	0.000512557662737	0.	0.0138390568939	0.547924141466	0.0107637109175	0.00563813429011	0.0133264992312	0.	0.312147616607	0.00461301896463	0.0107637109175	0.00922603792927	0.0148641722194	0.00922603792927	0.00563813429011	0.009738595592
EBOV|DML24506|KT357827|SLE|Kono|2015-01-14	Kono	0.154279856484	WesternUrban	0.000512557662737	0.00102511532547	0.000512557662737	0.	0.00461301896463	0.00102511532547	0.00153767298821	0.	0.	0.000512557662737	0.000512557662737	0.00102511532547	0.	0.000512557662737	0.	0.	0.	0.00102511532547	0.	0.000512557662737	0.	0.	0.	0.	0.000512557662737	0.	0.00358790363916	0.000512557662737	0.000512557662737	0.	0.	0.	0.	0.00102511532547	0.000512557662737	0.	0.	0.000512557662737	0.000512557662737	0.	0.	0.000512557662737	0.00205023065095	0.	0.00307534597642	0.	0.	0.	0.	0.00256278831369	0.0210148641722	0.154279856484	0.	0.00153767298821	0.00102511532547	0.0128139415684	0.00102511532547	0.0133264992312	0.0153767298821	0.141465914915	0.142491030241	0.0184520758585	0.447975397232
EBOV|20141397|KR653288|SLE|Moyamba|2014-09-28	Moyamba	0.712967708867	Moyamba	0.000512557662737	0.	0.	0.	0.00102511532547	0.	0.	0.	0.	0.	0.	0.	0.	0.	0.	0.	0.000512557662737	0.	0.	0.000512557662737	0.	0.	0.	0.000512557662737	0.	0.	0.00256278831369	0.	0.	0.	0.	0.	0.	0.	0.	0.	0.	0.000512557662737	0.	0.	0.	0.	0.000512557662737	0.	0.00102511532547	0.	0.	0.	0.	0.00205023065095	0.0230650948232	0.00153767298821	0.000512557662737	0.00358790363916	0.	0.712967708867	0.	0.00358790363916	0.00307534597642	0.00820092260379	0.0789338800615	0.00205023065095	0.152742183496
EBOV|20143938|KR653264|SLE|Koinadugu|2014-11-07	Koinadugu	0.849308047155	Koinadugu	0.000512557662737	0.	0.000512557662737	0.	0.00768836494106	0.00102511532547	0.0041004613019	0.	0.	0.	0.000512557662737	0.	0.000512557662737	0.	0.	0.	0.	0.000512557662737	0.	0.000512557662737	0.	0.	0.000512557662737	0.	0.	0.	0.00768836494106	0.	0.	0.	0.	0.	0.	0.	0.	0.	0.	0.	0.	0.	0.000512557662737	0.000512557662737	0.	0.000512557662737	0.00512557662737	0.	0.00153767298821	0.	0.000512557662737	0.00256278831369	0.0302409021015	0.00358790363916	0.	0.0041004613019	0.000512557662737	0.00461301896463	0.849308047155	0.00768836494106	0.0158892875448	0.0138390568939	0.0205023065095	0.00307534597642	0.0112762685802
EBOV|20144610|KR653270|SLE|Tonkolili|2014-11-12	Tonkolili	0.00512557662737	Kambia	0.000512557662737	0.	0.	0.000512557662737	0.00102511532547	0.00102511532547	0.00102511532547	0.	0.	0.00153767298821	0.000512557662737	0.	0.	0.	0.	0.	0.	0.	0.	0.00205023065095	0.00102511532547	0.	0.	0.000512557662737	0.	0.	0.00256278831369	0.000512557662737	0.	0.	0.000512557662737	0.	0.	0.000512557662737	0.	0.	0.	0.000512557662737	0.	0.000512557662737	0.	0.	0.00102511532547	0.	0.00153767298821	0.00102511532547	0.000512557662737	0.	0.	0.00256278831369	0.00153767298821	0.00205023065095	0.00102511532547	0.00256278831369	0.00102511532547	0.00717580727832	0.00205023065095	0.00512557662737	0.0727831881087	0.188621219887	0.00615069195284	0.677601230138	0.0107637109175
EBOV|G6089.1|KR105345|SLE|Tonkolili|2014-09-27	Tonkolili	0.00717580727832	Kambia	0.	0.	0.00102511532547	0.000512557662737	0.00102511532547	0.	0.00307534597642	0.	0.	0.000512557662737	0.000512557662737	0.	0.	0.	0.000512557662737	0.	0.000512557662737	0.000512557662737	0.	0.	0.00102511532547	0.	0.	0.	0.	0.	0.0148641722194	0.	0.	0.	0.	0.	0.	0.000512557662737	0.	0.	0.	0.	0.	0.	0.000512557662737	0.00102511532547	0.00153767298821	0.	0.00461301896463	0.000512557662737	0.0143516145566	0.000512557662737	0.00102511532547	0.0164018452076	0.0328036904152	0.00153767298821	0.000512557662737	0.	0.000512557662737	0.00512557662737	0.00256278831369	0.00717580727832	0.0415171706817	0.160943106099	0.0343413634034	0.607893388006	0.0399794976935
EBOV|MK0709|KU296373|SLE|Tonkolili|2014-12-31	Tonkolili	0.00205023065095	Gueckedou	0.00102511532547	0.00205023065095	0.00307534597642	0.00153767298821	0.0358790363916	0.00820092260379	0.630958482829	0.00666324961558	0.	0.00820092260379	0.00205023065095	0.00102511532547	0.00358790363916	0.000512557662737	0.	0.	0.00102511532547	0.000512557662737	0.	0.00205023065095	0.00205023065095	0.	0.00102511532547	0.	0.	0.	0.0112762685802	0.	0.000512557662737	0.	0.	0.	0.	0.00205023065095	0.	0.	0.	0.	0.	0.000512557662737	0.	0.00205023065095	0.00205023065095	0.	0.00512557662737	0.000512557662737	0.00307534597642	0.00153767298821	0.	0.235263967196	0.00307534597642	0.00358790363916	0.000512557662737	0.00205023065095	0.	0.00102511532547	0.000512557662737	0.00205023065095	0.00256278831369	0.00102511532547	0.00153767298821	0.	0.00666324961558
EBOV|J0015|KP759741|SLE|Bombali|2014-09-26	Bombali	0.021527421835	Kailahun	0.000512557662737	0.00205023065095	0.0041004613019	0.00102511532547	0.0230650948232	0.00205023065095	0.0266529984623	0.	0.	0.00256278831369	0.00102511532547	0.	0.00102511532547	0.	0.000512557662737	0.	0.000512557662737	0.00102511532547	0.	0.00153767298821	0.00102511532547	0.	0.000512557662737	0.000512557662737	0.000512557662737	0.	0.0599692465402	0.	0.000512557662737	0.	0.000512557662737	0.	0.	0.000512557662737	0.000512557662737	0.	0.	0.	0.	0.000512557662737	0.00153767298821	0.00563813429011	0.0107637109175	0.00102511532547	0.0425422860072	0.	0.0435674013326	0.00102511532547	0.	0.339313172732	0.212198872373	0.0138390568939	0.0179395181958	0.0107637109175	0.	0.00512557662737	0.00153767298821	0.0138390568939	0.021527421835	0.0235776524859	0.0517683239364	0.00717580727832	0.0425422860072
EBOV|MK2369|KU296832|SLE|Bombali|2015-02-25	Bombali	0.158380317786	WesternUrban	0.000512557662737	0.	0.	0.	0.	0.	0.	0.000512557662737	0.	0.	0.000512557662737	0.	0.	0.	0.	0.	0.	0.	0.	0.000512557662737	0.	0.	0.	0.	0.	0.	0.00307534597642	0.	0.000512557662737	0.	0.	0.	0.	0.	0.	0.	0.	0.	0.000512557662737	0.	0.	0.00102511532547	0.000512557662737	0.	0.	0.000512557662737	0.	0.	0.000512557662737	0.000512557662737	0.00102511532547	0.00102511532547	0.	0.00102511532547	0.000512557662737	0.0041004613019	0.000512557662737	0.00205023065095	0.158380317786	0.157867760123	0.0471553049718	0.00768836494106	0.609431060994
EBOV|MK2449|KU296466|SLE|Bombali|2015-02-26	Bombali	0.009738595592	Gueckedou	0.0041004613019	0.00871348026653	0.011788826243	0.00922603792927	0.0907227063045	0.0256278831369	0.523321373655	0.009738595592	0.	0.0317785750897	0.0138390568939	0.00358790363916	0.0148641722194	0.00205023065095	0.00307534597642	0.	0.0041004613019	0.00666324961558	0.	0.0128139415684	0.00871348026653	0.	0.00307534597642	0.00307534597642	0.00307534597642	0.	0.031266017427	0.0041004613019	0.00307534597642	0.00153767298821	0.00307534597642	0.	0.	0.00820092260379	0.	0.00102511532547	0.000512557662737	0.000512557662737	0.000512557662737	0.00102511532547	0.00461301896463	0.00666324961558	0.00461301896463	0.00153767298821	0.0179395181958	0.00307534597642	0.00871348026653	0.00153767298821	0.00153767298821	0.0256278831369	0.00768836494106	0.00563813429011	0.00563813429011	0.0041004613019	0.00102511532547	0.00512557662737	0.00358790363916	0.00358790363916	0.009738595592	0.0123013839057	0.0041004613019	0.00666324961558	0.00615069195284
EBOV|MK2825|KU296402|SLE|Bombali|2015-03-08	Bombali	0.00666324961558	Gueckedou	0.00871348026653	0.00666324961558	0.0158892875448	0.0128139415684	0.0912352639672	0.0348539210661	0.460276781138	0.0174269605331	0.	0.041004613019	0.0164018452076	0.0041004613019	0.0158892875448	0.00256278831369	0.	0.	0.00358790363916	0.00615069195284	0.	0.0128139415684	0.0112762685802	0.	0.0041004613019	0.00461301896463	0.00358790363916	0.	0.0246027678114	0.00615069195284	0.00461301896463	0.00205023065095	0.00358790363916	0.	0.	0.009738595592	0.00102511532547	0.	0.000512557662737	0.00205023065095	0.00153767298821	0.00102511532547	0.00512557662737	0.00512557662737	0.00871348026653	0.00256278831369	0.0143516145566	0.00307534597642	0.0169144028703	0.00153767298821	0.000512557662737	0.0220399794977	0.00615069195284	0.00717580727832	0.00307534597642	0.00666324961558	0.00102511532547	0.00615069195284	0.00358790363916	0.00717580727832	0.00666324961558	0.0174269605331	0.00461301896463	0.009738595592	0.009738595592
EBOV|MK2983|KU296393|SLE|Bombali|2015-03-12	Bombali	0.420809841107	Bombali	0.	0.	0.	0.	0.000512557662737	0.	0.00102511532547	0.	0.	0.000512557662737	0.000512557662737	0.	0.000512557662737	0.000512557662737	0.	0.	0.	0.000512557662737	0.	0.000512557662737	0.000512557662737	0.	0.	0.00102511532547	0.	0.	0.00102511532547	0.000512557662737	0.	0.	0.	0.	0.	0.	0.000512557662737	0.	0.	0.	0.	0.	0.000512557662737	0.	0.	0.	0.000512557662737	0.	0.	0.00102511532547	0.	0.00102511532547	0.00153767298821	0.00102511532547	0.00102511532547	0.00153767298821	0.000512557662737	0.00358790363916	0.00256278831369	0.0041004613019	0.420809841107	0.0845720143516	0.089697590979	0.00512557662737	0.37262942081
EBOV|PL4283|KU296840|SLE|PortLoko|2015-03-03	PortLoko	0.954894925679	PortLoko	0.	0.	0.	0.000512557662737	0.00102511532547	0.	0.000512557662737	0.000512557662737	0.	0.	0.	0.	0.	0.	0.	0.	0.	0.	0.	0.	0.	0.	0.	0.	0.	0.	0.00205023065095	0.00102511532547	0.	0.	0.	0.	0.	0.	0.	0.	0.	0.	0.	0.	0.	0.000512557662737	0.	0.000512557662737	0.000512557662737	0.000512557662737	0.	0.	0.	0.000512557662737	0.000512557662737	0.	0.	0.00307534597642	0.	0.0041004613019	0.00205023065095	0.00512557662737	0.00768836494106	0.954894925679	0.00615069195284	0.0041004613019	0.0041004613019
EBOV|PL5201|KU296612|SLE|PortLoko|2015-03-23	PortLoko	0.7303946694	PortLoko	0.	0.	0.000512557662737	0.	0.00102511532547	0.000512557662737	0.000512557662737	0.	0.	0.000512557662737	0.000512557662737	0.	0.000512557662737	0.	0.	0.	0.000512557662737	0.000512557662737	0.	0.000512557662737	0.000512557662737	0.	0.	0.	0.	0.	0.00307534597642	0.	0.	0.	0.	0.	0.	0.000512557662737	0.	0.	0.	0.	0.000512557662737	0.000512557662737	0.	0.	0.00102511532547	0.	0.	0.	0.	0.	0.000512557662737	0.00102511532547	0.00153767298821	0.	0.00102511532547	0.00205023065095	0.	0.00461301896463	0.00153767298821	0.00512557662737	0.00871348026653	0.7303946694	0.130189646335	0.00666324961558	0.0948231676064
EBOV|PL8429|KU296440|SLE|PortLoko|2015-06-24	PortLoko	0.031266017427	Kailahun	0.000512557662737	0.000512557662737	0.0041004613019	0.	0.0112762685802	0.00153767298821	0.188108662225	0.	0.	0.00102511532547	0.00153767298821	0.000512557662737	0.000512557662737	0.000512557662737	0.	0.	0.	0.00102511532547	0.	0.	0.000512557662737	0.	0.000512557662737	0.	0.	0.	0.021527421835	0.000512557662737	0.	0.00102511532547	0.	0.	0.	0.	0.	0.	0.	0.	0.	0.	0.00102511532547	0.00256278831369	0.00615069195284	0.000512557662737	0.0107637109175	0.	0.0281906714505	0.	0.	0.426447975397	0.10302409021	0.00307534597642	0.00717580727832	0.00358790363916	0.	0.00256278831369	0.00153767298821	0.009738595592	0.0492055356228	0.031266017427	0.0199897488467	0.0281906714505	0.0297283444387
EBOV|12579_EMLH|KU296548|SLE|WesternRural|2015-03-20	WesternRural	0.0978985135828	Bombali	0.	0.000512557662737	0.00102511532547	0.	0.00153767298821	0.	0.00205023065095	0.	0.	0.	0.000512557662737	0.	0.	0.	0.000512557662737	0.	0.	0.	0.	0.000512557662737	0.000512557662737	0.	0.	0.	0.	0.	0.00153767298821	0.	0.00102511532547	0.	0.	0.	0.	0.000512557662737	0.	0.	0.	0.000512557662737	0.	0.	0.	0.00102511532547	0.00102511532547	0.	0.00102511532547	0.	0.000512557662737	0.	0.	0.00102511532547	0.00102511532547	0.00102511532547	0.00307534597642	0.000512557662737	0.000512557662737	0.0041004613019	0.00153767298821	0.00256278831369	0.420809841107	0.0953357252691	0.0978985135828	0.00563813429011	0.350589441312
EBOV|489_EMLH|KU296324|SLE|WesternRural|2015-01-30	WesternRural	0.657098923629	WesternRural	0.000512557662737	0.	0.	0.	0.000512557662737	0.00102511532547	0.000512557662737	0.000512557662737	0.	0.	0.000512557662737	0.	0.	0.	0.	0.	0.	0.	0.	0.000512557662737	0.000512557662737	0.	0.000512557662737	0.00102511532547	0.	0.	0.00153767298821	0.	0.000512557662737	0.	0.	0.	0.	0.	0.	0.	0.	0.	0.000512557662737	0.	0.000512557662737	0.00102511532547	0.000512557662737	0.	0.00205023065095	0.	0.000512557662737	0.	0.	0.000512557662737	0.00256278831369	0.00102511532547	0.	0.	0.00102511532547	0.0107637109175	0.00205023065095	0.00307534597642	0.0107637109175	0.148129164531	0.657098923629	0.00512557662737	0.144541260892
EBOV|J0125|KP759674|SLE|WesternRural|2014-10-31	WesternRural	0.0363915940543	Kambia	0.	0.	0.00307534597642	0.	0.00563813429011	0.00205023065095	0.00461301896463	0.	0.	0.0041004613019	0.	0.	0.0205023065095	0.	0.	0.	0.	0.	0.	0.000512557662737	0.00153767298821	0.	0.00102511532547	0.	0.	0.	0.0148641722194	0.	0.	0.	0.	0.	0.	0.	0.	0.	0.	0.	0.000512557662737	0.	0.00153767298821	0.00102511532547	0.00358790363916	0.	0.0128139415684	0.	0.0164018452076	0.	0.00102511532547	0.0533059969247	0.0794464377242	0.00512557662737	0.00615069195284	0.00153767298821	0.000512557662737	0.00666324961558	0.00358790363916	0.0112762685802	0.0615069195284	0.18349564326	0.0363915940543	0.384418247053	0.0717580727832
EBOV|15327_EMLK|KU296649|SLE|Kambia|2015-06-07	Kambia	0.00102511532547	Gueckedou	0.00153767298821	0.00307534597642	0.00358790363916	0.0041004613019	0.0435674013326	0.00563813429011	0.79958995387	0.00307534597642	0.	0.011788826243	0.00307534597642	0.00153767298821	0.00717580727832	0.000512557662737	0.	0.	0.00102511532547	0.00205023065095	0.	0.00256278831369	0.00256278831369	0.	0.00358790363916	0.	0.00102511532547	0.	0.0107637109175	0.	0.00102511532547	0.	0.00205023065095	0.	0.	0.00256278831369	0.	0.	0.	0.	0.000512557662737	0.00102511532547	0.00307534597642	0.00102511532547	0.000512557662737	0.000512557662737	0.00358790363916	0.000512557662737	0.00358790363916	0.000512557662737	0.	0.0466427473091	0.00461301896463	0.00307534597642	0.	0.00153767298821	0.	0.000512557662737	0.00153767298821	0.000512557662737	0.00256278831369	0.00256278831369	0.00102511532547	0.00102511532547	0.00205023065095
EBOV|PL4864|KU296437|SLE|Kambia|2015-03-16	Kambia	0.537160430548	Kambia	0.	0.	0.	0.	0.00820092260379	0.00153767298821	0.00461301896463	0.	0.	0.00205023065095	0.	0.000512557662737	0.	0.	0.000512557662737	0.	0.000512557662737	0.	0.	0.00102511532547	0.00205023065095	0.	0.000512557662737	0.	0.	0.	0.0041004613019	0.000512557662737	0.	0.	0.	0.	0.	0.	0.	0.	0.	0.000512557662737	0.	0.	0.	0.00205023065095	0.00153767298821	0.00102511532547	0.00205023065095	0.	0.00256278831369	0.	0.	0.0256278831369	0.0169144028703	0.00102511532547	0.000512557662737	0.00102511532547	0.	0.00461301896463	0.00153767298821	0.00461301896463	0.0645822655049	0.256791389031	0.0123013839057	0.537160430548	0.0374167093798
EBOV|12705_EMLH|KU296490|SLE|WesternUrban|2015-03-29	WesternUrban	0.107637109175	WesternUrban	0.000512557662737	0.00102511532547	0.00871348026653	0.	0.0768836494106	0.00666324961558	0.0235776524859	0.00153767298821	0.	0.00666324961558	0.00615069195284	0.000512557662737	0.0322911327524	0.	0.	0.	0.	0.00102511532547	0.	0.	0.00153767298821	0.	0.	0.00102511532547	0.	0.	0.0553562275756	0.000512557662737	0.000512557662737	0.000512557662737	0.00102511532547	0.	0.	0.00153767298821	0.	0.	0.	0.	0.	0.	0.00205023065095	0.00615069195284	0.00820092260379	0.	0.0307534597642	0.	0.0266529984623	0.000512557662737	0.00102511532547	0.0932854946181	0.105586878524	0.0102511532547	0.0123013839057	0.00922603792927	0.	0.0107637109175	0.00205023065095	0.009738595592	0.0645822655049	0.0953357252691	0.0768836494106	0.099436186571	0.107637109175
EBOV|12934_EMLH|KU296790|SLE|WesternUrban|2015-05-04	WesternUrban	0.828293182983	WesternUrban	0.00102511532547	0.	0.00102511532547	0.	0.00102511532547	0.000512557662737	0.00256278831369	0.000512557662737	0.	0.00153767298821	0.000512557662737	0.	0.	0.	0.00102511532547	0.	0.	0.	0.	0.00153767298821	0.000512557662737	0.	0.000512557662737	0.	0.000512557662737	0.	0.00358790363916	0.	0.	0.	0.00102511532547	0.	0.	0.000512557662737	0.	0.	0.000512557662737	0.	0.00153767298821	0.	0.000512557662737	0.000512557662737	0.	0.	0.00256278831369	0.00102511532547	0.000512557662737	0.	0.000512557662737	0.00256278831369	0.00205023065095	0.00461301896463	0.00256278831369	0.0041004613019	0.000512557662737	0.00666324961558	0.0041004613019	0.00922603792927	0.0123013839057	0.0246027678114	0.0502306509482	0.0225525371604	0.828293182983
EBOV|362_EMLH|KU296505|SLE|WesternUrban|2015-01-21	WesternUrban	0.0881599179908	PortLoko	0.	0.	0.000512557662737	0.	0.	0.000512557662737	0.00153767298821	0.	0.	0.000512557662737	0.	0.	0.000512557662737	0.	0.	0.	0.	0.	0.	0.000512557662737	0.	0.	0.	0.	0.	0.	0.00256278831369	0.	0.000512557662737	0.000512557662737	0.	0.	0.	0.	0.	0.	0.	0.	0.000512557662737	0.	0.	0.	0.00102511532547	0.	0.000512557662737	0.000512557662737	0.	0.000512557662737	0.00102511532547	0.000512557662737	0.00205023065095	0.00205023065095	0.	0.00102511532547	0.	0.00512557662737	0.000512557662737	0.00563813429011	0.0102511532547	0.763198359815	0.101998974885	0.00768836494106	0.0881599179908
EBOV|77601_EMLK|KU296826|SLE|WesternUrban|2015-01-05	WesternUrban	0.399282419272	WesternUrban	0.	0.000512557662737	0.	0.	0.00153767298821	0.00205023065095	0.000512557662737	0.000512557662737	0.	0.000512557662737	0.	0.	0.00153767298821	0.	0.	0.	0.	0.000512557662737	0.	0.00102511532547	0.00102511532547	0.	0.	0.	0.	0.	0.00820092260379	0.	0.000512557662737	0.	0.000512557662737	0.	0.	0.000512557662737	0.	0.000512557662737	0.	0.000512557662737	0.	0.	0.00153767298821	0.000512557662737	0.00205023065095	0.000512557662737	0.00256278831369	0.000512557662737	0.000512557662737	0.000512557662737	0.	0.00256278831369	0.0102511532547	0.198359815479	0.00153767298821	0.0041004613019	0.00153767298821	0.0102511532547	0.00358790363916	0.0240902101486	0.0220399794977	0.153254741158	0.116863147104	0.0230650948232	0.399282419272
EBOV|77706_EMLK|KU296572|SLE|WesternUrban|2015-01-10	WesternUrban	0.0984110712455	PortLoko	0.	0.	0.00307534597642	0.	0.00461301896463	0.00256278831369	0.00358790363916	0.00205023065095	0.	0.00153767298821	0.00102511532547	0.00102511532547	0.	0.	0.000512557662737	0.	0.	0.000512557662737	0.	0.000512557662737	0.00153767298821	0.	0.000512557662737	0.00153767298821	0.000512557662737	0.	0.00615069195284	0.000512557662737	0.000512557662737	0.	0.	0.	0.	0.	0.	0.	0.	0.	0.	0.000512557662737	0.00205023065095	0.00256278831369	0.000512557662737	0.	0.00256278831369	0.	0.00102511532547	0.000512557662737	0.00153767298821	0.00153767298821	0.00512557662737	0.00205023065095	0.00205023065095	0.00307534597642	0.00102511532547	0.009738595592	0.000512557662737	0.0102511532547	0.0230650948232	0.61609431061	0.1086622245	0.0748334187596	0.0984110712455
EBOV|DML12116|KT357815|SLE|WesternUrban|2015-02-26	WesternUrban	0.00615069195284	Gueckedou	0.00666324961558	0.00768836494106	0.0128139415684	0.00922603792927	0.0958482829318	0.0271655561251	0.515633008713	0.00820092260379	0.	0.0343413634034	0.0158892875448	0.00307534597642	0.0153767298821	0.00256278831369	0.00153767298821	0.	0.0041004613019	0.00615069195284	0.	0.0112762685802	0.009738595592	0.	0.00307534597642	0.00153767298821	0.00102511532547	0.	0.0246027678114	0.00307534597642	0.00512557662737	0.00205023065095	0.0041004613019	0.	0.	0.00820092260379	0.00102511532547	0.000512557662737	0.	0.	0.00102511532547	0.00102511532547	0.00512557662737	0.00717580727832	0.00666324961558	0.00205023065095	0.0143516145566	0.00256278831369	0.0123013839057	0.00102511532547	0.00153767298821	0.0235776524859	0.00615069195284	0.00871348026653	0.00358790363916	0.00615069195284	0.00102511532547	0.00666324961558	0.00307534597642	0.0041004613019	0.00820092260379	0.0112762685802	0.00666324961558	0.00820092260379	0.00615069195284
EBOV|J0127|KP759676|SLE|WesternUrban|2014-10-30	WesternUrban	0.00358790363916	Gueckedou	0.00153767298821	0.00256278831369	0.00563813429011	0.00205023065095	0.0343413634034	0.00512557662737	0.646335212711	0.00205023065095	0.	0.0143516145566	0.00205023065095	0.00102511532547	0.00615069195284	0.00153767298821	0.	0.	0.00205023065095	0.00102511532547	0.	0.00102511532547	0.00102511532547	0.	0.00102511532547	0.	0.000512557662737	0.	0.0112762685802	0.00102511532547	0.000512557662737	0.00102511532547	0.00153767298821	0.	0.	0.00205023065095	0.	0.	0.	0.	0.	0.000512557662737	0.00153767298821	0.00256278831369	0.000512557662737	0.	0.0041004613019	0.00102511532547	0.00205023065095	0.000512557662737	0.000512557662737	0.219374679651	0.00461301896463	0.00205023065095	0.00102511532547	0.00205023065095	0.	0.	0.00102511532547	0.000512557662737	0.00205023065095	0.00102511532547	0.000512557662737	0.	0.00358790363916
EBOV|Makona-UK3|KR025228|SLE|WesternArea|2015-03-12	WesternArea	0.345976422348	Bombali	0.000512557662737	0.	0.00102511532547	0.	0.	0.	0.	0.000512557662737	0.	0.000512557662737	0.	0.	0.000512557662737	0.	0.	0.	0.	0.	0.	0.00102511532547	0.00102511532547	0.	0.	0.	0.	0.	0.00205023065095	0.000512557662737	0.000512557662737	0.	0.	0.	0.	0.	0.	0.	0.000512557662737	0.000512557662737	0.	0.	0.000512557662737	0.000512557662737	0.	0.	0.00153767298821	0.	0.000512557662737	0.	0.	0.00153767298821	0.00102511532547	0.000512557662737	0.000512557662737	0.00256278831369	0.	0.00102511532547	0.00205023065095	0.00358790363916	0.423885187084	0.0943106099436	0.099436186571	0.0112762685802	0.345976422348